Rk,Player,PTS,Season,Team,GP,GS,MP,FG,FGA,2P,2PA,3P,3PA,FT,FTA,ORB,DRB,TRB,AST,STL,BLK,TOV,PF,FG%,2P%,3P%,FT%,TS%,eFG%,Pos,Class
1601,Dedan Thomas Jr.,244,2025-26,Louisiana State,16,15,471,83,181,70,138,13,43,65,78,5,38,43,104,15,4,26,23,0.459,0.507,0.302,0.833,0.56,0.494,G,JR
1656,Chisom Okpara,237,2025-26,Stanford,17,17,484,68,173,51,117,17,56,84,115,27,39,66,38,19,6,45,33,0.393,0.436,0.304,0.73,0.521,0.442,F,SR
1645,Abdi Bashir Jr.,238,2025-26,Kansas State,18,18,444,80,190,13,39,67,151,11,16,4,36,40,41,9,0,20,22,0.421,0.333,0.444,0.688,0.602,0.597,G,JR
1065,Braden Huff,320,2025-26,Gonzaga,18,18,457,145,219,138,198,7,21,23,40,49,52,101,27,8,9,17,45,0.662,0.697,0.333,0.575,0.672,0.678,F,JR
1655,Brandin Cummings,237,2025-26,Pittsburgh,19,9,498,78,184,48,92,30,92,51,71,7,22,29,39,14,1,22,45,0.424,0.522,0.326,0.718,0.544,0.505,G,SO
685,Mikel Brown Jr.,382,2025-26,Louisville,21,19,613,112,273,57,113,55,160,103,122,1,69,70,99,26,3,65,33,0.41,0.504,0.344,0.844,0.577,0.511,G,FR
439,Darryn Peterson,435,2025-26,Kansas,22,21,624,140,317,84,171,56,146,99,120,16,80,96,37,32,11,34,34,0.442,0.491,0.384,0.825,0.582,0.53,G,FR
1061,Seth Trimble,321,2025-26,North Carolina,23,23,736,110,233,93,174,17,59,84,125,23,60,83,65,26,5,32,44,0.472,0.534,0.288,0.672,0.549,0.509,G,SR
697,Jason Edwards,379,2025-26,Providence,23,13,611,124,287,76,147,48,140,83,105,4,61,65,69,19,1,41,40,0.432,0.517,0.343,0.79,0.563,0.516,G,SR
1536,Jizzle James,251,2025-26,Cincinnati,23,21,687,96,218,54,123,42,95,17,22,14,37,51,48,16,4,38,45,0.44,0.439,0.442,0.773,0.549,0.537,G,JR
694,Donnie Freeman,380,2025-26,Syracuse,23,21,719,126,266,100,180,26,86,102,133,23,143,166,31,18,21,57,62,0.474,0.556,0.302,0.767,0.577,0.523,F,SO
1321,Toibu Lawal,282,2025-26,Virginia Tech,23,17,669,90,166,78,118,12,48,90,118,52,143,195,14,7,26,41,64,0.542,0.661,0.25,0.763,0.635,0.578,F,SR
1527,Nate Calmese,253,2025-26,Wake Forest,24,21,589,96,202,57,109,39,93,22,29,9,36,45,108,31,3,45,30,0.475,0.523,0.419,0.759,0.586,0.572,G,SR
302,Caleb Wilson,476,2025-26,North Carolina,24,24,751,170,294,163,267,7,27,129,181,68,158,226,64,36,33,47,46,0.578,0.61,0.259,0.713,0.626,0.59,F,FR
1338,Skyy Clark,280,2025-26,UCLA,24,21,689,99,215,48,97,51,118,31,36,8,47,55,50,28,2,19,63,0.46,0.495,0.432,0.861,0.603,0.579,G,SR
1055,Jaylen Crocker-Johnson,322,2025-26,Minnesota,24,24,757,112,270,70,140,42,130,56,78,44,120,164,43,15,24,40,68,0.415,0.5,0.323,0.718,0.524,0.493,F,JR
1351,Vincent Iwuchukwu,278,2025-26,Georgetown,24,6,555,96,175,90,159,6,16,80,106,50,96,146,12,19,20,37,55,0.549,0.566,0.375,0.755,0.617,0.566,F,SR
1663,Curtis Givens III,236,2025-26,Memphis,25,15,641,81,188,46,92,35,96,39,59,15,38,53,57,21,5,40,34,0.431,0.5,0.365,0.661,0.546,0.524,G,SO
1760,Magoon Gwath,222,2025-26,San Diego State,25,16,476,81,156,61,110,20,46,40,66,42,66,108,8,11,37,37,45,0.519,0.555,0.435,0.606,0.592,0.583,F,JR
378,Richie Saunders,451,2025-26,Brigham Young,25,25,784,149,305,85,135,64,170,89,109,47,97,144,52,43,7,41,54,0.489,0.63,0.376,0.817,0.632,0.593,G,SR
1587,Solomon Washington,246,2025-26,Maryland,25,22,798,84,191,75,154,9,37,69,109,78,152,230,25,28,20,46,76,0.44,0.487,0.243,0.633,0.507,0.463,F,SR
146,JT Toppin,546,2025-26,Texas Tech,25,25,870,234,427,218,370,16,57,62,107,105,166,271,53,34,43,62,71,0.548,0.589,0.281,0.579,0.571,0.567,F,JR
1019,Kylan Boswell,329,2025-26,Illinois,25,25,760,112,241,80,138,32,103,73,91,38,63,101,82,19,0,30,55,0.465,0.58,0.311,0.802,0.579,0.531,G,SR
519,Nathan Bittle,419,2025-26,Oregon,25,25,778,145,312,109,199,36,113,93,127,53,119,172,64,22,46,55,39,0.465,0.548,0.319,0.732,0.563,0.522,C,SR
1011,Jayden Stone,330,2025-26,Missouri,25,19,748,109,226,62,103,47,123,65,81,22,104,126,48,23,6,26,38,0.482,0.602,0.382,0.802,0.624,0.586,G,SR
465,Duke Miles,430,2025-26,Vanderbilt,26,24,767,128,289,82,164,46,125,128,143,5,79,84,117,70,6,45,68,0.443,0.5,0.368,0.895,0.602,0.522,G,SR
690,Parsa Fallah,381,2025-26,Oklahoma State,26,26,685,143,239,131,209,12,30,83,122,61,96,157,22,30,12,35,58,0.598,0.627,0.4,0.68,0.642,0.623,C,SR
292,Chad Baker-Mazara,480,2025-26,Southern California,26,22,770,150,338,89,178,61,160,119,133,15,95,110,72,19,33,61,66,0.444,0.5,0.381,0.895,0.598,0.534,G,SR
1421,Chance Moore,269,2025-26,West Virginia,26,1,565,97,189,88,159,9,30,66,117,49,90,139,20,17,16,35,31,0.513,0.553,0.3,0.564,0.55,0.537,G,SR
1083,Baye Ndongo,318,2025-26,Georgia Tech,27,27,733,125,225,120,211,5,14,63,88,78,142,220,64,22,27,66,78,0.556,0.569,0.357,0.716,0.596,0.567,F,JR
1733,Julius Thedford,227,2025-26,Memphis,27,17,550,77,157,62,113,15,44,58,85,58,76,134,19,29,7,25,65,0.49,0.549,0.341,0.682,0.575,0.538,G,SO
1046,Braylon Mullins,323,2025-26,Connecticut,27,23,741,120,276,60,102,60,174,23,27,23,72,95,37,28,19,31,76,0.435,0.588,0.345,0.852,0.559,0.543,G,FR
1483,Daniel Skillings Jr.,260,2025-26,Baylor,27,16,696,94,215,73,144,21,71,51,72,57,101,158,56,27,4,36,50,0.437,0.507,0.296,0.708,0.522,0.486,G,SR
431,Jalen Haralson,437,2025-26,Notre Dame,27,23,718,155,301,150,276,5,25,122,181,40,67,107,69,14,7,74,66,0.515,0.543,0.2,0.674,0.565,0.523,G,FR
919,Wesley Yates III,344,2025-26,Washington,27,25,847,115,310,62,140,53,170,61,78,24,64,88,35,41,7,43,57,0.371,0.443,0.312,0.782,0.496,0.456,G,SO
1406,Khamari McGriff,271,2025-26,Kansas State,28,28,565,111,163,110,158,1,5,48,72,45,78,123,28,18,30,28,91,0.681,0.696,0.2,0.667,0.687,0.684,F,SR
536,KJ Lewis,416,2025-26,Georgetown,28,27,841,136,333,104,228,32,105,112,149,33,111,144,71,59,16,62,73,0.408,0.456,0.305,0.752,0.515,0.456,G,JR
678,Kayden Mingo,383,2025-26,Penn State,28,28,897,144,302,123,216,21,86,74,105,15,83,98,121,58,5,57,53,0.477,0.569,0.244,0.705,0.544,0.512,G,FR
1664,Davis Fogle,236,2025-26,Gonzaga,28,1,453,90,169,77,134,13,35,43,60,33,52,85,38,21,13,17,29,0.533,0.575,0.371,0.717,0.597,0.571,G,FR
872,Donald Hand Jr.,348,2025-26,Boston College,28,26,861,105,318,72,172,33,146,105,147,16,108,124,36,14,3,48,39,0.33,0.419,0.226,0.714,0.449,0.382,G,JR
821,B.J. Edwards,356,2025-26,SMU,28,28,929,130,274,88,161,42,113,54,70,35,130,165,138,65,5,54,46,0.474,0.547,0.372,0.771,0.579,0.551,G,SR
1628,Eli Ellis,241,2025-26,South Carolina,28,0,749,80,207,57,125,23,82,58,66,19,59,78,55,23,1,27,41,0.386,0.456,0.28,0.879,0.506,0.442,G,FR
1678,L.J. Cason,234,2025-26,Michigan,28,0,521,81,161,48,79,33,82,39,55,6,46,52,66,26,0,48,24,0.503,0.608,0.402,0.709,0.625,0.606,G,SO
1518,Jacari White,254,2025-26,Virginia,29,0,504,85,188,24,46,61,142,23,28,20,46,66,36,15,2,34,33,0.452,0.522,0.43,0.821,0.631,0.614,G,SR
1537,Aaron Bradshaw,250,2025-26,Memphis,29,22,549,90,168,81,141,9,27,61,79,68,55,123,16,15,16,42,88,0.536,0.574,0.333,0.772,0.608,0.563,F,JR
1229,Arrinten Page,296,2025-26,Northwestern,29,16,663,113,207,102,163,11,44,59,90,35,95,130,53,25,34,36,50,0.546,0.626,0.25,0.656,0.593,0.572,F,JR
1190,Jaeden Mustaf,301,2025-26,Georgia Tech,29,23,804,100,231,79,177,21,54,80,110,32,93,125,71,16,5,44,71,0.433,0.446,0.389,0.727,0.531,0.478,G,SO
1256,J.P. Estrella,292,2025-26,Tennessee,29,9,512,124,202,120,192,4,10,40,60,79,73,152,23,6,11,25,63,0.614,0.625,0.4,0.667,0.633,0.624,F,JR
986,Rihards Vavers,333,2025-26,Washington State,29,16,734,110,236,37,59,73,177,40,45,24,92,116,13,19,8,24,35,0.466,0.627,0.412,0.889,0.647,0.621,F,JR
427,Kowacie Reeves Jr.,439,2025-26,Georgia Tech,29,29,877,156,342,96,187,60,155,67,86,23,87,110,34,27,19,41,71,0.456,0.513,0.387,0.779,0.573,0.544,G,SR
614,Tarris Reed Jr.,398,2025-26,Connecticut,29,29,758,167,267,167,264,0,3,64,114,81,154,235,68,27,60,55,87,0.625,0.633,0.0,0.561,0.62,0.625,F,SR
1700,Kiyan Anthony,231,2025-26,Syracuse,29,2,542,77,193,59,122,18,71,59,94,11,29,40,26,9,6,28,18,0.399,0.484,0.254,0.628,0.486,0.446,F,FR
95,Graham Ike,572,2025-26,Gonzaga,29,28,892,221,386,198,320,23,66,107,136,60,178,238,70,22,25,49,79,0.573,0.619,0.348,0.787,0.635,0.602,F,SR
645,Andrej Stojakovic,390,2025-26,Illinois,29,21,766,142,289,124,214,18,75,88,106,40,94,134,29,11,14,38,37,0.491,0.579,0.24,0.83,0.575,0.522,G,JR
1430,Matthew Hodge,268,2025-26,Villanova,29,29,801,94,208,44,72,50,136,30,46,34,70,104,20,12,17,21,63,0.452,0.611,0.368,0.652,0.583,0.572,F,SO
1358,Lamar Washington,277,2025-26,Georgia Tech,29,21,825,92,235,73,169,19,66,74,98,17,119,136,148,44,8,78,66,0.391,0.432,0.288,0.755,0.492,0.432,G,SR
1167,Brandon Maclin,305,2025-26,DePaul,29,16,797,105,239,83,167,22,72,73,105,37,94,131,81,37,8,53,68,0.439,0.497,0.306,0.695,0.528,0.485,G,SR
1532,Mouhamed Dioubate,252,2025-26,Kentucky,29,10,619,89,168,84,142,5,26,69,108,67,93,160,28,28,27,23,77,0.53,0.592,0.192,0.639,0.575,0.545,F,JR
1139,Patrick Ngongba,310,2025-26,Duke,29,28,649,109,181,101,152,8,29,84,121,66,109,175,56,18,32,38,80,0.602,0.664,0.276,0.694,0.65,0.624,C,SO
824,Sebastian Rancik,356,2025-26,Colorado,29,26,814,103,255,64,137,39,118,111,129,33,128,161,57,27,15,50,64,0.404,0.467,0.331,0.86,0.563,0.48,F,SO
865,Tru Washington,350,2025-26,Miami (FL),29,19,800,127,281,92,185,35,96,61,82,37,76,113,48,55,0,43,49,0.452,0.497,0.365,0.744,0.547,0.514,G,JR
1268,Tomislav Ivisic,290,2025-26,Illinois,29,28,730,108,227,65,90,43,137,31,43,47,113,160,46,9,16,39,53,0.476,0.722,0.314,0.721,0.586,0.57,C,SO
1370,Tayton Conerway,276,2025-26,Indiana,29,19,618,101,180,83,118,18,62,56,76,20,60,80,96,31,5,58,61,0.561,0.703,0.29,0.737,0.639,0.611,G,SR
1340,Austin Rapp,279,2025-26,Wisconsin,29,11,662,92,220,36,66,56,154,39,46,31,84,115,47,14,15,25,56,0.418,0.545,0.364,0.848,0.577,0.545,F,SO
464,Amani Hansberry,430,2025-26,Virginia Tech,30,30,921,159,323,125,227,34,96,78,106,85,136,221,72,44,21,62,92,0.492,0.551,0.354,0.736,0.576,0.545,F,JR
1125,Akai Fleming,311,2025-26,Georgia Tech,30,22,766,95,255,67,170,28,85,93,114,25,71,96,40,16,9,51,57,0.373,0.394,0.329,0.816,0.503,0.427,G,FR
125,Hannes Steinbach,556,2025-26,Washington,30,30,1039,209,362,191,309,18,53,120,158,126,227,353,47,32,37,59,71,0.577,0.618,0.34,0.759,0.636,0.602,F,FR
230,Henri Veesaar,502,2025-26,North Carolina,30,30,932,199,324,162,236,37,88,67,108,66,194,260,60,17,37,49,77,0.614,0.686,0.42,0.62,0.669,0.671,F,SR
1026,Austin Swartz,327,2025-26,Creighton,30,14,647,123,276,59,109,64,167,17,24,8,77,85,42,20,4,35,38,0.446,0.541,0.383,0.708,0.569,0.562,G,SO
16,Ebuka Okorie,685,2025-26,Stanford,30,30,1045,221,480,159,308,62,172,181,217,22,88,110,106,47,10,54,40,0.46,0.516,0.36,0.834,0.587,0.525,G,FR
862,Jamichael Stillwell,350,2025-26,UCF,30,29,852,131,258,119,220,12,38,76,105,97,143,240,67,33,5,47,81,0.508,0.541,0.316,0.724,0.568,0.531,F,SR
1177,Gavin Griffiths,303,2025-26,Temple,30,29,879,114,281,51,93,63,188,12,23,23,123,146,41,36,53,32,50,0.406,0.548,0.335,0.522,0.519,0.518,G,JR
202,Anthony Roy,517,2025-26,Oklahoma State,30,25,872,154,353,65,128,89,225,120,140,20,103,123,41,17,7,46,49,0.436,0.508,0.396,0.857,0.616,0.562,G,SR
322,John Mobley Jr.,471,2025-26,Ohio State,30,30,943,149,342,55,117,94,225,79,91,11,61,72,81,23,3,56,53,0.436,0.47,0.418,0.868,0.611,0.573,G,SO
599,Kwame Evans Jr.,400,2025-26,Oregon,30,30,926,123,271,92,169,31,102,123,154,65,158,223,59,29,39,57,65,0.454,0.544,0.304,0.799,0.581,0.511,F,JR
560,Jayden Epps,410,2025-26,Mississippi State,30,23,818,146,361,87,168,59,193,59,73,5,71,76,69,14,6,57,59,0.404,0.518,0.306,0.808,0.518,0.486,G,SR
1255,Dez White,292,2025-26,Oregon State,30,28,888,96,255,30,81,66,174,34,43,8,74,82,63,27,3,38,55,0.376,0.37,0.379,0.791,0.53,0.506,G,JR
1025,JJ Starling,328,2025-26,Syracuse,30,30,871,135,322,111,239,24,83,34,62,13,67,80,72,26,6,41,50,0.419,0.464,0.289,0.548,0.467,0.457,G,SR
213,Jeremiah Wilkinson,510,2025-26,Georgia,30,21,766,159,389,87,183,72,206,120,154,12,49,61,53,49,9,41,49,0.409,0.475,0.35,0.779,0.552,0.501,G,SO
1170,Ivan Juric,305,2025-26,Penn State,30,26,792,109,189,94,136,15,53,72,109,54,104,158,24,12,7,58,91,0.577,0.691,0.283,0.661,0.633,0.616,F,FR
612,Nolan Winter,398,2025-26,Wisconsin,30,30,932,149,262,118,169,31,93,69,93,69,189,258,46,15,36,25,59,0.569,0.698,0.333,0.742,0.65,0.628,F,JR
455,Riley Kugel,432,2025-26,UCF,30,30,868,156,373,100,230,56,143,64,83,28,64,92,76,31,7,52,81,0.418,0.435,0.392,0.771,0.524,0.493,G,SR
1607,Nick Dorn,244,2025-26,Indiana,30,12,696,72,178,12,20,60,158,40,46,17,53,70,9,9,3,22,51,0.404,0.6,0.38,0.87,0.61,0.573,G,JR
881,Braden Frager,347,2025-26,Nebraska,30,2,701,118,241,69,100,49,141,62,76,30,85,115,28,21,2,31,37,0.49,0.69,0.348,0.816,0.626,0.591,F,FR
476,Justin Pippen,428,2025-26,California,30,30,929,126,339,75,182,51,157,125,152,20,97,117,135,55,19,72,69,0.372,0.412,0.325,0.822,0.52,0.447,G,SO
1706,Shawn Phillips Jr.,230,2025-26,Missouri,30,30,608,96,139,96,139,0,0,38,72,49,104,153,20,8,44,63,90,0.691,0.691,,0.528,0.664,0.691,F,SR
877,Rylan Griffen,348,2025-26,Texas A&M,30,25,780,110,239,47,88,63,151,65,82,22,63,85,79,48,14,46,67,0.46,0.534,0.417,0.793,0.626,0.592,G,SR
965,Vyctorius Miller,337,2025-26,Oklahoma State,31,26,790,102,245,59,127,43,118,90,105,23,63,86,53,34,7,50,79,0.416,0.465,0.364,0.857,0.571,0.504,G,SO
1003,Obi Agbim,331,2025-26,Baylor,31,31,1031,112,301,40,97,72,204,35,41,15,65,80,99,25,3,35,67,0.372,0.412,0.353,0.854,0.516,0.492,G,SR
844,Sincere Parker,353,2025-26,Memphis,31,4,604,125,301,97,216,28,85,75,94,22,92,114,35,21,11,27,66,0.415,0.449,0.329,0.798,0.511,0.462,G,SR
1533,Santiago Trouet,252,2025-26,Arizona State,31,30,795,91,203,86,179,5,24,65,83,73,115,188,27,21,23,30,59,0.448,0.48,0.208,0.783,0.52,0.461,F,JR
1348,Seydou Traore,279,2025-26,Utah,31,31,891,98,254,55,125,43,129,40,55,20,86,106,61,38,15,56,72,0.386,0.44,0.333,0.727,0.498,0.47,G,JR
660,Royce Parham,387,2025-26,Marquette,31,20,893,143,274,109,172,34,102,67,103,58,94,152,29,22,25,42,61,0.522,0.634,0.333,0.65,0.599,0.584,F,SO
796,Brenen Lorient,360,2025-26,West Virginia,31,31,888,147,278,127,219,20,59,46,61,59,98,157,59,20,39,59,73,0.529,0.58,0.339,0.754,0.586,0.565,F,SR
744,Braeden Shrewsberry,370,2025-26,Notre Dame,31,31,1014,120,308,32,89,88,219,42,54,2,93,95,60,13,4,35,40,0.39,0.36,0.402,0.778,0.554,0.532,G,JR
1006,Boden Kapke,330,2025-26,Boston College,31,17,830,124,259,95,172,29,87,53,75,58,120,178,23,11,11,40,71,0.479,0.552,0.333,0.707,0.56,0.535,C,JR
742,Kanon Catchings,371,2025-26,Georgia,31,31,728,131,299,63,123,68,176,41,63,41,107,148,37,24,11,36,58,0.438,0.512,0.386,0.651,0.564,0.552,F,SO
1616,Melih Tunca,243,2025-26,Penn State,31,12,707,83,185,63,121,20,64,57,74,13,49,62,73,22,6,43,33,0.449,0.521,0.313,0.77,0.552,0.503,G,FR
276,Max Mackinnon,486,2025-26,Louisiana State,31,30,988,163,390,96,212,67,178,93,106,11,70,81,77,17,9,62,61,0.418,0.453,0.376,0.877,0.552,0.504,G,SR
815,LeJuan Watts,358,2025-26,Texas Tech,31,26,852,119,278,95,205,24,73,96,123,61,125,186,77,21,7,73,72,0.428,0.463,0.329,0.78,0.532,0.471,F,JR
723,Neoklis Avdalas,375,2025-26,Virginia Tech,31,31,983,129,334,80,178,49,156,68,101,3,93,96,142,18,17,69,41,0.386,0.449,0.314,0.673,0.491,0.46,G,FR
156,Nate Ament,543,2025-26,Tennessee,31,31,935,159,393,117,266,42,127,183,232,57,148,205,76,32,17,71,58,0.405,0.44,0.331,0.789,0.54,0.458,F,FR
610,Cole Certa,398,2025-26,Notre Dame,31,16,832,113,302,32,81,81,221,91,102,13,41,54,26,11,0,21,47,0.374,0.395,0.367,0.892,0.568,0.508,G,SO
618,Moustapha Thiam,397,2025-26,Cincinnati,31,31,842,160,305,145,253,15,52,62,98,67,154,221,16,24,50,42,62,0.525,0.573,0.288,0.633,0.565,0.549,C,SO
930,Christoph Tilly,342,2025-26,Ohio State,31,31,801,110,229,97,174,13,55,109,150,42,103,145,68,19,16,47,99,0.48,0.557,0.236,0.727,0.57,0.509,C,SR
53,Cade Tyson,609,2025-26,Minnesota,31,31,1136,184,368,114,202,70,166,171,207,47,119,166,68,23,5,51,76,0.5,0.564,0.422,0.826,0.653,0.595,F,SR
510,Rienk Mast,420,2025-26,Nebraska,31,31,896,155,345,108,200,47,145,63,77,69,110,179,90,13,8,54,54,0.449,0.54,0.324,0.818,0.55,0.517,F,SR
1460,Caleb Foster,262,2025-26,Duke,31,30,788,96,217,57,120,39,97,31,53,20,92,112,88,9,2,33,53,0.442,0.475,0.402,0.585,0.541,0.532,G,JR
77,Christian Anderson,586,2025-26,Texas Tech,31,31,1190,196,409,91,162,105,247,89,112,20,93,113,236,40,8,105,63,0.479,0.562,0.425,0.795,0.634,0.608,G,SO
264,Stefan Vaaks,491,2025-26,Providence,31,22,976,153,380,62,120,91,260,94,112,14,63,77,99,26,8,59,54,0.403,0.517,0.35,0.839,0.567,0.522,G,FR
6,PJ Haggerty,725,2025-26,Kansas State,31,31,1091,271,554,231,440,40,114,143,204,38,125,163,119,37,1,102,81,0.489,0.525,0.351,0.701,0.557,0.525,G,JR
49,Keyshawn Hall,615,2025-26,Auburn,31,31,1038,172,385,117,241,55,144,216,252,58,151,209,81,23,20,77,75,0.447,0.485,0.382,0.857,0.609,0.518,G,SR
1594,Johan Munch,245,2025-26,Oregon State,31,23,652,89,169,88,161,1,8,66,104,55,103,158,32,23,23,47,84,0.527,0.547,0.125,0.635,0.561,0.53,F,SO
1252,Jaylen Petty,293,2025-26,Texas Tech,31,20,931,98,245,34,73,64,172,33,42,19,102,121,67,18,1,28,78,0.4,0.466,0.372,0.786,0.553,0.531,G,FR
1075,Jaylen Curry,319,2025-26,Oklahoma State,31,5,729,111,256,86,180,25,76,72,90,7,89,96,113,41,2,43,53,0.434,0.478,0.329,0.8,0.534,0.482,G,JR
1095,Jasen Green,316,2025-26,Creighton,31,28,871,123,227,104,174,19,53,51,76,62,126,188,76,24,26,44,50,0.542,0.598,0.358,0.671,0.601,0.584,F,JR
497,Devin Royal,424,2025-26,Ohio State,31,31,1000,146,307,115,210,31,97,101,127,50,127,177,52,20,5,54,84,0.476,0.548,0.32,0.795,0.577,0.526,F,JR
1001,KeShawn Murphy,331,2025-26,Auburn,31,29,740,126,225,113,184,13,41,66,90,82,128,210,40,30,30,29,62,0.56,0.614,0.317,0.733,0.618,0.589,F,SR
1465,Kennard Davis,262,2025-26,Brigham Young,31,31,907,91,233,39,71,52,162,28,37,26,58,84,39,35,6,23,65,0.391,0.549,0.321,0.757,0.523,0.502,G,JR
116,Derrian Ford,561,2025-26,Temple,31,31,1105,172,403,122,271,50,132,167,196,27,107,134,60,19,2,48,50,0.427,0.45,0.379,0.852,0.565,0.489,G,SR
507,Koa Peat,422,2025-26,Arizona,31,31,845,168,313,162,294,6,19,80,134,62,103,165,85,22,22,54,69,0.537,0.551,0.316,0.597,0.56,0.546,F,FR
266,Fred Payne,490,2025-26,Boston College,31,30,1075,181,454,114,241,67,213,61,79,22,108,130,84,35,5,44,49,0.399,0.473,0.315,0.772,0.498,0.472,G,JR
677,Duke Brennan,383,2025-26,Villanova,31,31,957,140,213,140,213,0,0,103,165,125,195,320,62,25,17,62,74,0.657,0.657,,0.624,0.657,0.657,F,SR
748,Jamier Jones,369,2025-26,Providence,31,19,798,135,237,123,206,12,31,87,131,40,101,141,42,27,8,54,72,0.57,0.597,0.387,0.664,0.617,0.595,F,FR
145,Tyler Bilodeau,547,2025-26,UCLA,31,30,935,183,353,119,215,64,138,117,134,35,139,174,33,15,11,40,79,0.518,0.553,0.464,0.873,0.656,0.609,F,SR
581,Baba Miller,404,2025-26,Cincinnati,31,31,988,148,280,138,228,10,52,98,149,74,246,320,115,23,36,68,71,0.529,0.605,0.192,0.658,0.576,0.546,F,SR
1547,Ben Gold,249,2025-26,Marquette,31,26,844,90,220,53,80,37,140,32,49,50,129,179,29,23,14,20,58,0.409,0.663,0.264,0.653,0.512,0.493,F,SR
1116,Pop Isaacs,313,2025-26,Texas A&M,31,6,690,101,235,42,86,59,149,52,69,10,71,81,81,20,3,51,56,0.43,0.488,0.396,0.754,0.584,0.555,G,SR
557,Tamin Lipsey,411,2025-26,Iowa State,31,31,977,153,332,115,210,38,122,67,104,43,80,123,156,68,1,45,56,0.461,0.548,0.311,0.644,0.539,0.518,G,SR
658,TK Simpkins,388,2025-26,Oregon,31,31,992,127,298,77,158,50,140,84,99,16,75,91,73,28,6,64,46,0.426,0.487,0.357,0.848,0.562,0.51,G,SR
1647,Felix Okpara,238,2025-26,Tennessee,31,30,825,97,165,93,154,4,11,40,62,76,116,192,14,14,44,32,74,0.588,0.604,0.364,0.645,0.612,0.6,C,SR
857,Jailen Bedford,351,2025-26,Virginia Tech,31,31,805,127,317,75,172,52,145,45,62,31,70,101,40,17,2,34,60,0.401,0.436,0.359,0.726,0.507,0.483,G,SR
1285,Tre Holloman,287,2025-26,NC State,31,26,793,90,212,39,87,51,125,56,69,7,50,57,63,28,8,36,59,0.425,0.448,0.408,0.812,0.586,0.545,G,SR
1750,Zvonimir Ivisic,224,2025-26,Illinois,32,4,568,83,159,55,66,28,93,30,44,37,117,154,9,8,67,18,45,0.522,0.833,0.301,0.682,0.623,0.61,F,JR
1734,Zach Clemence,227,2025-26,Texas A&M,32,4,529,80,168,45,82,35,86,32,41,34,66,100,25,16,12,25,86,0.476,0.549,0.407,0.78,0.605,0.58,F,SR
1417,William Kyle III,270,2025-26,Syracuse,32,32,898,109,165,109,165,0,0,52,106,90,136,226,29,32,81,33,61,0.661,0.661,,0.491,0.627,0.661,F,SR
1620,AJ Rohosy,242,2025-26,Stanford,32,27,641,108,194,108,194,0,0,26,70,68,109,177,21,16,16,32,85,0.557,0.557,,0.371,0.532,0.557,F,SR
259,Aiden Tobiason,491,2025-26,Temple,32,32,1131,160,333,113,194,47,139,124,155,15,102,117,65,39,6,44,64,0.48,0.582,0.338,0.8,0.604,0.551,G,SO
296,Alex Condon,479,2025-26,Florida,32,32,978,176,321,167,268,9,53,118,182,76,170,246,111,21,45,80,90,0.548,0.623,0.17,0.648,0.588,0.562,F,JR
1783,Alex Steen,218,2025-26,Florida State,32,29,634,74,117,74,116,0,1,70,100,89,96,185,28,22,23,28,67,0.632,0.638,0.0,0.7,0.663,0.632,F,SR
626,Acaden Lewis,394,2025-26,Villanova,32,32,970,154,332,128,236,26,96,60,103,13,85,98,168,62,3,68,62,0.464,0.542,0.271,0.583,0.517,0.503,G,FR
187,Ace Glass III,525,2025-26,Washington State,32,24,923,182,400,111,205,71,195,90,102,11,85,96,75,25,3,76,61,0.455,0.541,0.364,0.882,0.585,0.544,G,FR
221,Honor Huff,506,2025-26,West Virginia,32,32,1136,135,381,26,73,109,308,127,148,7,67,74,61,32,0,57,67,0.354,0.356,0.354,0.858,0.561,0.497,G,SR
313,Ezra Ausar,473,2025-26,Southern California,32,32,955,158,271,158,269,0,2,157,233,78,131,209,55,32,14,67,112,0.583,0.587,0.0,0.674,0.62,0.583,F,SR
388,Freddie Dilione V,448,2025-26,Penn State,32,15,878,174,368,132,236,42,132,58,71,24,78,102,71,39,6,47,42,0.473,0.559,0.318,0.817,0.558,0.53,G,JR
1074,Elijah Strong,319,2025-26,South Carolina,32,18,548,124,279,97,182,27,97,44,58,16,59,75,30,12,6,30,70,0.444,0.533,0.278,0.759,0.52,0.493,F,JR
397,Dug McDaniel,446,2025-26,Memphis,32,32,1100,168,407,120,261,48,146,62,73,25,93,118,147,62,2,82,54,0.413,0.46,0.329,0.849,0.505,0.472,G,SR
1740,Dylan Darling,225,2025-26,St. John's (NY),32,12,671,69,169,43,83,26,86,61,83,10,70,80,79,46,3,36,74,0.408,0.518,0.302,0.735,0.54,0.485,G,JR
1044,Eemeli Yalaho,324,2025-26,Washington State,32,27,908,111,236,60,108,51,128,51,64,52,130,182,53,15,9,56,54,0.47,0.556,0.398,0.797,0.608,0.578,F,JR
61,Paulius Murauskas,602,2025-26,St. Mary's (CA),32,32,1039,200,411,164,304,36,107,166,198,63,184,247,69,20,17,58,77,0.487,0.539,0.336,0.838,0.596,0.53,F,JR
98,Pryce Sandfort,571,2025-26,Nebraska,32,32,1066,197,418,84,136,113,282,64,75,21,134,155,64,32,9,22,54,0.471,0.618,0.401,0.853,0.629,0.606,F,JR
1522,Pablo Tamba,254,2025-26,Louisiana State,32,32,917,89,145,81,120,8,25,68,112,81,151,232,47,36,17,32,95,0.614,0.675,0.32,0.607,0.641,0.641,G,SR
962,Nik Graves,337,2025-26,Creighton,32,20,854,101,262,65,136,36,126,99,119,16,78,94,138,32,4,51,64,0.385,0.478,0.286,0.832,0.529,0.454,G,SR
1157,Somto Cyril,307,2025-26,Georgia,32,31,687,120,157,120,157,0,0,67,116,79,99,178,19,20,74,34,96,0.764,0.764,,0.578,0.724,0.764,C,SO
1298,T.O. Barrett,285,2025-26,Missouri,32,13,737,104,219,95,177,9,42,68,86,26,61,87,98,39,7,67,75,0.475,0.537,0.214,0.791,0.548,0.495,G,SO
63,Ryan Conwell,599,2025-26,Louisville,32,32,979,189,464,84,157,105,307,116,136,21,133,154,81,37,6,65,91,0.407,0.535,0.342,0.853,0.567,0.52,G,SR
1337,Sam Alexis,280,2025-26,Indiana,32,23,681,114,166,112,158,2,8,50,69,60,92,152,39,10,38,32,77,0.687,0.709,0.25,0.725,0.704,0.693,F,SR
1155,Sam Hoiberg,307,2025-26,Nebraska,32,32,1026,116,212,84,132,32,80,43,58,30,138,168,139,67,3,34,82,0.547,0.636,0.4,0.741,0.641,0.623,G,SR
1623,Michael Rataj,242,2025-26,Baylor,32,19,767,87,202,75,147,12,55,56,80,66,88,154,59,16,13,46,62,0.431,0.51,0.218,0.7,0.504,0.46,F,SR
868,Mike Sharavjamts,349,2025-26,South Carolina,32,32,952,121,247,92,162,29,85,78,89,41,137,178,74,21,28,44,69,0.49,0.568,0.341,0.876,0.603,0.549,F,SR
368,Mikey Lewis,455,2025-26,St. Mary's (CA),32,32,860,153,381,86,201,67,180,82,93,12,76,88,70,23,8,44,46,0.402,0.428,0.372,0.882,0.535,0.49,G,SO
1114,Christian Coleman,313,2025-26,Oklahoma State,32,24,790,124,251,110,197,14,54,51,77,48,119,167,30,24,28,39,66,0.494,0.558,0.259,0.662,0.544,0.522,F,SR
745,Coen Carr,370,2025-26,Michigan State,32,32,929,136,269,118,202,18,67,80,129,50,122,172,40,14,24,44,52,0.506,0.584,0.269,0.62,0.56,0.539,F,JR
360,Chase Ross,456,2025-26,Marquette,32,32,1055,153,363,115,234,38,129,112,155,17,116,133,110,72,7,70,75,0.421,0.491,0.295,0.723,0.522,0.474,G,SR
490,Chauncey Wiggins,425,2025-26,Florida State,32,30,891,148,309,76,123,72,186,57,67,30,95,125,29,10,7,31,51,0.479,0.618,0.387,0.851,0.623,0.595,F,SR
474,Chris Bell,428,2025-26,California,32,31,884,133,302,69,132,64,170,98,115,13,68,81,20,16,18,39,47,0.44,0.523,0.376,0.852,0.6,0.546,F,SR
51,Cameron Carr,613,2025-26,Baylor,32,32,1071,206,404,132,216,74,188,127,158,20,156,176,85,29,41,78,61,0.51,0.611,0.394,0.804,0.64,0.601,G,JR
910,Carson Cooper,344,2025-26,Michigan State,32,32,846,119,208,118,204,1,4,105,135,63,163,226,44,20,30,48,65,0.572,0.578,0.25,0.778,0.632,0.575,C,SR
1027,Carter Welling,327,2025-26,Clemson,32,24,667,107,217,90,159,17,58,96,137,49,125,174,35,27,24,40,67,0.493,0.566,0.293,0.701,0.58,0.532,C,JR
686,Bryce Lindsay,381,2025-26,Villanova,32,30,907,123,327,51,119,72,208,63,80,18,48,66,65,22,0,37,55,0.376,0.429,0.346,0.788,0.522,0.486,G,JR
509,CJ Gunn,420,2025-26,DePaul,32,23,885,153,383,97,212,56,171,58,80,36,83,119,61,35,20,62,90,0.399,0.458,0.327,0.725,0.499,0.473,G,SR
1757,Caden Powell,222,2025-26,Baylor,32,18,767,80,120,80,118,0,2,62,94,89,112,201,45,16,28,36,84,0.667,0.678,0.0,0.66,0.674,0.667,F,SR
327,Rashaun Agee,469,2025-26,Texas A&M,32,31,857,157,321,137,242,20,79,135,180,85,199,284,77,31,27,43,76,0.489,0.566,0.253,0.75,0.577,0.52,F,SR
1435,Reed Bailey,267,2025-26,Indiana,32,10,611,77,135,76,131,1,4,112,148,35,73,108,35,7,11,28,73,0.57,0.58,0.25,0.757,0.65,0.574,F,SR
522,Reese Dixon-Waters,418,2025-26,San Diego State,32,32,960,140,327,88,181,52,146,86,98,18,97,115,40,26,4,44,64,0.428,0.486,0.356,0.878,0.559,0.508,G,SR
1128,Jamarques Lawrence,311,2025-26,Nebraska,32,32,904,104,252,54,109,50,143,53,72,11,69,80,127,29,1,67,76,0.413,0.495,0.35,0.736,0.543,0.512,G,SR
1511,Jarin Stevenson,255,2025-26,North Carolina,32,24,818,83,176,58,91,25,85,64,86,46,95,141,29,19,21,27,60,0.472,0.637,0.294,0.744,0.588,0.543,F,JR
1365,Jacob Crews,276,2025-26,Missouri,32,11,662,86,179,30,55,56,124,48,59,42,76,118,8,7,4,18,49,0.48,0.545,0.452,0.814,0.667,0.637,G,SR
1584,Jaden Schutt,246,2025-26,Virginia Tech,32,5,787,78,203,13,34,65,169,25,29,6,46,52,30,17,0,13,58,0.384,0.382,0.385,0.862,0.567,0.544,G,JR
1374,Jalen Celestine,275,2025-26,Cincinnati,32,14,762,95,224,25,51,70,173,15,23,30,70,100,42,29,8,23,61,0.424,0.49,0.405,0.652,0.585,0.58,G,SR
699,J'Vonne Hadley,379,2025-26,Louisville,32,31,889,142,248,106,169,36,79,59,84,41,124,165,54,33,10,23,67,0.573,0.627,0.456,0.702,0.658,0.645,G,SR
1428,Ja'Borri McGhee,268,2025-26,Mississippi State,32,11,708,96,223,62,139,34,84,42,62,8,59,67,62,19,1,50,61,0.43,0.446,0.405,0.677,0.531,0.507,G,SR
1084,Jacob Cofie,318,2025-26,Southern California,32,32,975,124,243,103,177,21,66,49,81,64,155,219,62,30,56,53,97,0.51,0.582,0.318,0.605,0.565,0.553,F,SO
828,Isaac Asuma,355,2025-26,Minnesota,32,32,1104,124,310,66,123,58,187,49,64,26,103,129,122,40,17,68,85,0.4,0.537,0.31,0.766,0.521,0.494,G,SO
967,Isaac Williams,336,2025-26,Baylor,32,12,797,125,221,102,174,23,47,63,92,16,57,73,106,24,17,52,94,0.566,0.586,0.489,0.685,0.635,0.618,G,SO
163,Isaiah Johnson,540,2025-26,Colorado,32,15,980,162,333,106,185,56,148,160,195,27,65,92,96,33,1,46,49,0.486,0.573,0.378,0.821,0.634,0.571,G,FR
526,Jordan Burks,417,2025-26,UCF,32,32,897,142,315,88,165,54,150,79,101,43,110,153,20,34,16,28,48,0.451,0.533,0.36,0.782,0.574,0.537,F,JR
713,Jordan Mason,377,2025-26,Temple,32,32,1080,135,313,115,249,20,64,87,109,16,83,99,127,36,5,52,75,0.431,0.462,0.313,0.798,0.517,0.463,G,SR
480,Jordan Pope,427,2025-26,Texas,32,31,911,134,331,59,131,75,200,84,100,17,52,69,60,14,2,28,68,0.405,0.45,0.375,0.84,0.564,0.518,G,SR
527,Josh Dix,417,2025-26,Creighton,32,32,1051,152,349,88,160,64,189,49,57,15,105,120,77,29,8,39,37,0.436,0.55,0.339,0.86,0.554,0.527,G,SR
11,Josh Hubbard,707,2025-26,Mississippi State,32,32,1067,237,562,142,288,95,274,138,184,9,70,79,115,39,3,76,39,0.422,0.493,0.347,0.75,0.544,0.506,G,JR
759,Josh Reed,367,2025-26,Penn State,32,31,903,120,246,88,159,32,87,95,109,37,94,131,33,33,3,35,51,0.488,0.553,0.368,0.872,0.616,0.553,G,SR
534,Joshua Dent,416,2025-26,St. Mary's (CA),32,32,1159,135,290,78,148,57,142,89,97,9,69,78,181,51,5,71,59,0.466,0.527,0.401,0.918,0.619,0.564,G,SO
1552,Jerone Morton,249,2025-26,Washington State,32,29,798,84,192,53,112,31,80,50,61,20,42,62,84,26,7,37,64,0.438,0.473,0.388,0.82,0.563,0.518,G,JR
23,Lamar Wilkerson,669,2025-26,Indiana,32,32,1087,227,490,123,215,104,275,111,125,13,99,112,77,31,6,51,74,0.463,0.572,0.378,0.888,0.609,0.569,G,SR
750,Langston Reynolds,369,2025-26,Minnesota,32,25,1061,142,265,131,222,11,43,74,123,25,114,139,146,25,4,81,69,0.536,0.59,0.256,0.602,0.57,0.557,G,SR
838,Layden Blocker,354,2025-26,DePaul,32,29,930,109,303,74,193,35,110,101,122,21,58,79,112,52,9,69,88,0.36,0.383,0.318,0.828,0.49,0.417,G,JR
1429,Liutauras Lelevicius,268,2025-26,TCU,32,22,761,88,185,42,69,46,116,46,51,23,84,107,22,14,4,17,30,0.476,0.609,0.397,0.902,0.64,0.6,G,JR
1107,Luka Bogavac,315,2025-26,North Carolina,32,20,772,105,260,53,115,52,145,53,72,17,62,79,71,11,0,37,40,0.404,0.461,0.359,0.736,0.535,0.504,G,JR
647,Nate Kingz,390,2025-26,Syracuse,32,32,1003,143,290,78,113,65,177,39,63,29,87,116,40,28,19,23,63,0.493,0.69,0.367,0.619,0.61,0.605,G,SR
186,Nigel James Jr.,526,2025-26,Marquette,32,29,935,197,419,155,298,42,121,90,130,24,86,110,157,61,10,89,71,0.47,0.52,0.347,0.692,0.547,0.52,G,FR
728,N.J. Benson,374,2025-26,DePaul,32,31,831,159,250,159,247,0,3,56,111,85,158,243,39,14,25,43,55,0.636,0.644,0.0,0.505,0.618,0.636,F,SR
850,ND Okafor,352,2025-26,Washington State,32,32,743,147,252,147,252,0,0,58,90,62,119,181,29,16,46,67,101,0.583,0.583,,0.644,0.597,0.583,F,JR
876,Naithan George,348,2025-26,Syracuse,32,32,1027,111,274,75,151,36,123,90,108,18,78,96,174,47,10,98,66,0.405,0.497,0.293,0.833,0.535,0.471,G,JR
566,Nate Johnson,408,2025-26,Kansas State,32,32,1047,138,309,74,152,64,157,68,80,25,132,157,146,71,8,78,76,0.447,0.487,0.408,0.85,0.588,0.55,G,SR
477,Michael Nwoko,428,2025-26,Louisiana State,32,29,698,155,254,155,251,0,3,118,155,76,114,190,26,14,27,58,107,0.61,0.618,0.0,0.761,0.653,0.61,C,JR
414,John Camden,442,2025-26,California,32,32,1012,141,313,57,102,84,211,76,94,31,122,153,51,25,6,31,80,0.45,0.559,0.398,0.809,0.618,0.585,F,SR
1423,Jeremy Dent-Smith,269,2025-26,Stanford,32,4,653,89,239,31,88,58,151,33,39,9,49,58,50,26,3,39,58,0.372,0.352,0.384,0.846,0.522,0.494,G,SR
233,Jeremy Fears Jr.,501,2025-26,Michigan State,32,32,1030,147,330,115,230,32,100,175,196,14,62,76,294,41,1,72,74,0.445,0.5,0.32,0.893,0.592,0.494,G,JR
1710,Jasper Floyd,229,2025-26,West Virginia,32,32,888,85,172,65,118,20,54,39,56,18,104,122,101,61,1,64,79,0.494,0.551,0.37,0.696,0.577,0.552,G,SR
577,Jaxon Kohler,405,2025-26,Michigan State,32,32,887,153,300,101,168,52,132,47,54,97,192,289,42,18,23,44,48,0.51,0.601,0.394,0.87,0.622,0.597,F,SR
1627,Dillan Shaw,241,2025-26,St. Mary's (CA),32,21,873,84,196,34,76,50,120,23,32,43,128,171,51,28,20,31,75,0.429,0.447,0.417,0.719,0.571,0.556,G,FR
152,Don McHenry,544,2025-26,Utah,32,32,988,185,417,107,216,78,201,96,115,17,72,89,56,21,0,32,32,0.444,0.495,0.388,0.835,0.577,0.537,G,SR
453,Donovan Atwell,432,2025-26,Texas Tech,32,32,1111,138,301,14,28,124,273,32,38,23,82,105,24,37,4,13,74,0.458,0.5,0.454,0.842,0.677,0.664,F,SR
1058,Devin Askew,321,2025-26,Villanova,32,2,739,108,268,44,111,64,157,41,47,21,61,82,67,35,4,37,69,0.403,0.396,0.408,0.872,0.553,0.522,G,SR
419,Darrion Williams,440,2025-26,NC State,32,32,951,158,383,83,196,75,187,49,64,30,118,148,91,35,9,48,82,0.413,0.423,0.401,0.766,0.532,0.51,F,SR
1016,David Castillo,329,2025-26,Kansas State,32,16,901,116,290,60,131,56,159,41,50,10,52,62,57,13,1,43,65,0.4,0.458,0.352,0.82,0.524,0.497,G,SO
475,David Mirkovic,428,2025-26,Illinois,32,31,938,151,310,102,178,49,132,77,99,76,172,248,84,14,9,59,65,0.487,0.573,0.371,0.778,0.599,0.566,F,FR
354,David Punch,458,2025-26,TCU,32,32,951,171,332,160,289,11,43,105,162,65,150,215,66,43,63,54,85,0.515,0.554,0.256,0.648,0.56,0.532,F,SO
1611,D.J. Wagner,243,2025-26,Arkansas,32,19,757,84,196,48,96,36,100,39,54,0,48,48,76,29,10,21,56,0.429,0.5,0.36,0.722,0.548,0.52,G,JR
135,Dai Dai Ames,551,2025-26,California,32,32,1021,199,427,146,288,53,139,100,116,10,55,65,70,23,5,56,84,0.466,0.507,0.381,0.862,0.571,0.528,G,JR
100,Dailyn Swain,570,2025-26,Texas,32,32,1030,195,354,166,270,29,84,151,185,51,192,243,108,55,10,85,72,0.551,0.615,0.345,0.816,0.645,0.592,F,JR
886,Kobe Knox,347,2025-26,South Carolina,32,32,959,115,234,92,160,23,74,94,124,36,79,115,66,35,6,42,73,0.491,0.575,0.311,0.758,0.592,0.541,G,SR
1595,Kur Teng,245,2025-26,Michigan State,32,4,561,88,228,35,89,53,139,16,19,18,48,66,33,9,2,25,42,0.386,0.393,0.381,0.842,0.517,0.502,G,SO
50,Kevin Miller,614,2025-26,SMU,32,32,1127,194,413,130,257,64,156,162,186,17,107,124,206,48,2,84,80,0.47,0.506,0.41,0.871,0.612,0.547,G,JR
1049,Kanye Clary,323,2025-26,Oklahoma State,32,29,891,98,260,59,146,39,114,88,108,15,75,90,152,40,1,65,56,0.377,0.404,0.342,0.815,0.519,0.452,G,SR
606,Keanu Dawes,399,2025-26,Utah,32,32,984,148,271,116,170,32,101,71,98,63,218,281,69,16,12,58,54,0.546,0.682,0.317,0.724,0.628,0.605,F,JR
93,Keaton Wagler,573,2025-26,Illinois,32,32,1079,171,383,97,199,74,184,157,195,62,92,154,140,30,10,57,61,0.446,0.487,0.402,0.805,0.602,0.543,G,FR
1179,Julius Halaifonua,303,2025-26,Georgetown,32,28,632,113,186,107,164,6,22,71,95,50,90,140,41,9,23,24,84,0.608,0.652,0.273,0.747,0.655,0.624,C,SO
141,Meechie Johnson Jr.,550,2025-26,South Carolina,32,32,1006,159,384,101,206,58,178,174,215,9,97,106,137,40,4,73,68,0.414,0.49,0.326,0.809,0.566,0.49,G,SR
1576,Mekhi Mason,247,2025-26,Wake Forest,32,10,649,80,202,35,70,45,132,42,62,25,61,86,42,30,8,34,69,0.396,0.5,0.341,0.677,0.534,0.507,G,SR
899,Marcus Hill,346,2025-26,Texas A&M,32,28,738,125,252,110,190,15,62,81,114,40,62,102,52,32,4,36,63,0.496,0.579,0.242,0.711,0.565,0.526,G,SR
684,Marcus Millender,382,2025-26,Georgia,32,7,832,128,279,69,129,59,150,67,79,20,68,88,129,29,0,56,56,0.459,0.535,0.393,0.848,0.603,0.565,G,JR
78,Mark Mitchell,586,2025-26,Missouri,32,32,1078,200,363,184,318,16,45,170,256,57,111,168,114,21,14,64,43,0.551,0.579,0.356,0.664,0.605,0.573,F,SR
517,Marquel Sutton,419,2025-26,Louisiana State,32,32,1001,139,304,106,195,33,109,108,131,73,160,233,21,19,9,31,69,0.457,0.544,0.303,0.824,0.572,0.512,F,SR
249,Matas Vokietaitis,496,2025-26,Texas,32,32,824,161,255,161,255,0,0,174,250,79,140,219,20,6,30,70,109,0.631,0.631,,0.696,0.664,0.631,C,SO
1182,Treysen Eaglestaff,303,2025-26,West Virginia,32,32,920,111,285,59,126,52,159,29,41,28,126,154,49,28,13,46,63,0.389,0.468,0.327,0.707,0.498,0.481,G,SR
433,Tucker DeVries,437,2025-26,Indiana,32,32,1095,144,363,62,117,82,246,67,78,17,151,168,105,36,18,47,79,0.397,0.53,0.333,0.859,0.546,0.51,G,SR
99,Tounde Yessoufou,571,2025-26,Baylor,32,32,1036,213,454,161,282,52,172,93,125,77,110,187,52,65,17,60,73,0.469,0.571,0.302,0.744,0.556,0.526,G,FR
456,Tramon Mark,432,2025-26,Texas,32,32,885,158,336,116,206,42,130,74,99,35,74,109,60,29,13,40,58,0.47,0.563,0.323,0.747,0.564,0.533,G,SR
102,Tre Carroll,570,2025-26,Xavier,32,32,1012,221,441,176,306,45,135,83,117,40,144,184,83,24,40,71,58,0.501,0.575,0.333,0.709,0.574,0.552,F,SR
37,Terrence Brown,636,2025-26,Utah,32,32,1010,223,492,191,394,32,98,158,204,11,66,77,123,44,3,78,51,0.453,0.485,0.327,0.775,0.54,0.486,G,JR
380,Themus Fulks,451,2025-26,UCF,32,32,1049,171,368,151,319,20,49,89,112,21,76,97,214,24,1,105,58,0.465,0.473,0.408,0.795,0.535,0.492,G,SR
144,Thomas Haugh,547,2025-26,Florida,32,32,1071,175,380,119,211,56,169,141,184,71,128,199,64,34,32,48,76,0.461,0.564,0.331,0.766,0.585,0.534,F,JR
1301,Anthony Robinson II,283,2025-26,Missouri,32,19,864,90,223,60,122,30,101,73,109,26,72,98,93,51,10,54,100,0.404,0.492,0.297,0.67,0.515,0.471,G,JR
1420,Andrew McKeever,269,2025-26,St. Mary's (CA),32,10,737,105,207,105,207,0,0,59,90,123,171,294,55,17,27,55,67,0.507,0.507,,0.656,0.539,0.507,C,JR
1515,Adrien Stevens,254,2025-26,Marquette,32,23,836,89,205,35,61,54,144,22,31,24,58,82,51,45,6,32,69,0.434,0.574,0.375,0.71,0.578,0.566,G,FR
1014,RubÃ©n Dominguez,330,2025-26,Texas A&M,32,25,746,98,240,16,37,82,203,52,60,12,64,76,45,13,4,11,37,0.408,0.432,0.404,0.867,0.615,0.579,G,SO
501,Ben Hammond,423,2025-26,Virginia Tech,32,18,1008,135,308,91,206,44,102,109,126,12,61,73,103,64,3,46,71,0.438,0.442,0.431,0.865,0.575,0.51,G,SO
825,Benny Gealer,355,2025-26,Stanford,32,30,933,110,249,26,47,84,202,51,57,13,64,77,55,52,2,22,71,0.442,0.553,0.416,0.895,0.643,0.61,G,SR
1548,Blake Harper,249,2025-26,Creighton,32,14,582,78,172,59,119,19,53,74,94,32,87,119,38,16,2,41,60,0.453,0.496,0.358,0.787,0.575,0.509,G,SO
489,Blue Cain,425,2025-26,Georgia,32,32,894,152,322,107,176,45,146,76,84,52,112,164,85,45,6,35,50,0.472,0.608,0.308,0.905,0.587,0.542,G,JR
997,Bobby Durkin,331,2025-26,Minnesota,32,24,1042,109,247,31,51,78,196,35,40,18,80,98,61,27,4,26,44,0.441,0.608,0.398,0.875,0.622,0.599,F,JR
754,Bangot Dak,368,2025-26,Colorado,32,30,823,145,295,131,241,14,54,64,87,52,157,209,46,22,50,42,60,0.492,0.544,0.259,0.736,0.547,0.515,F,JR
370,Barrington Hargress,454,2025-26,Colorado,32,32,1031,169,318,119,215,50,103,66,81,9,58,67,145,30,3,39,71,0.531,0.553,0.485,0.815,0.637,0.61,G,JR
434,Tyler Perkins,437,2025-26,Villanova,32,32,948,153,346,90,174,63,172,68,92,51,123,174,51,38,9,26,63,0.442,0.517,0.366,0.739,0.561,0.533,G,JR
541,Barry Dunning Jr.,414,2025-26,Pittsburgh,33,27,1047,151,324,92,153,59,171,53,74,63,131,194,27,24,28,36,57,0.466,0.601,0.345,0.716,0.576,0.557,G,SR
743,Tyon Grant-Foster,371,2025-26,Gonzaga,33,6,711,136,283,120,221,16,62,83,138,52,114,166,38,25,36,46,62,0.481,0.543,0.258,0.601,0.532,0.509,G,SR
1361,Braeden Carrington,276,2025-26,Wisconsin,33,0,599,82,202,14,33,68,169,44,57,19,63,82,35,12,11,17,45,0.406,0.424,0.402,0.772,0.602,0.574,G,SR
25,Bennett Stirtz,661,2025-26,Iowa,33,33,1237,227,461,145,243,82,218,125,148,7,76,83,149,48,9,65,70,0.492,0.597,0.376,0.845,0.622,0.581,G,SR
674,Boogie Fland,383,2025-26,Florida,33,33,989,138,317,110,197,28,120,79,109,26,57,83,113,58,3,51,68,0.435,0.558,0.233,0.725,0.519,0.479,G,SO
24,Bruce Thornton,667,2025-26,Ohio State,33,33,1201,234,419,174,269,60,150,139,168,31,138,169,129,38,8,43,59,0.558,0.647,0.4,0.827,0.669,0.63,G,SR
1443,Brock Harding,265,2025-26,TCU,33,33,1046,97,261,68,154,29,107,42,65,13,80,93,188,56,4,63,49,0.372,0.442,0.271,0.646,0.454,0.427,G,JR
811,BJ Davis,358,2025-26,San Diego State,33,7,734,111,256,74,157,37,99,99,116,17,87,104,72,35,4,31,71,0.434,0.471,0.374,0.853,0.575,0.506,G,JR
1071,Amare Bynum,319,2025-26,Ohio State,33,23,934,124,247,96,159,28,88,43,59,37,122,159,35,20,26,37,86,0.502,0.604,0.318,0.729,0.58,0.559,F,FR
580,Andre Mills,404,2025-26,Maryland,33,25,878,135,330,80,171,55,159,79,103,46,90,136,54,17,10,56,88,0.409,0.468,0.346,0.767,0.533,0.492,G,SO
1739,Andrija Grbovic,225,2025-26,Arizona State,33,27,655,76,188,33,65,43,123,30,38,26,69,95,12,15,6,20,73,0.404,0.508,0.35,0.789,0.546,0.519,F,JR
1426,Alvaro Folgueiras,268,2025-26,Iowa,33,1,692,93,188,62,93,31,95,51,70,33,91,124,77,26,8,40,68,0.495,0.667,0.326,0.729,0.606,0.577,F,JR
757,Rueben Chinyelu,368,2025-26,Florida,33,33,820,144,247,144,245,0,2,80,116,136,243,379,22,25,36,49,96,0.583,0.588,0.0,0.69,0.609,0.583,C,JR
1013,Roman Siulepa,330,2025-26,Pittsburgh,33,33,879,124,269,95,171,29,98,53,106,97,83,180,31,34,20,32,81,0.461,0.556,0.296,0.5,0.517,0.515,F,FR
1694,Roddy Gayle Jr.,232,2025-26,Michigan,33,1,675,82,182,69,131,13,51,55,71,27,80,107,45,27,13,45,50,0.451,0.527,0.255,0.775,0.538,0.486,G,SR
809,Roddie Anderson III,359,2025-26,Xavier,33,5,784,128,322,90,201,38,121,65,90,19,91,110,74,44,5,44,67,0.398,0.448,0.314,0.722,0.492,0.457,G,SR
1450,Tanner Toolson,264,2025-26,TCU,33,1,705,83,221,54,122,29,99,69,94,45,59,104,31,22,10,16,40,0.376,0.443,0.293,0.734,0.497,0.441,G,JR
209,Tahaad Pettiford,513,2025-26,Auburn,33,31,1061,175,439,111,225,64,214,99,119,16,83,99,119,36,18,75,82,0.399,0.493,0.299,0.832,0.518,0.472,G,SO
119,Tariq Francis,559,2025-26,Rutgers,33,20,917,178,417,127,274,51,143,152,168,10,65,75,96,35,1,37,77,0.427,0.464,0.357,0.905,0.563,0.488,G,JR
1312,Adrian Wooley,282,2025-26,Louisville,33,14,729,95,214,58,106,37,108,55,68,46,85,131,58,24,2,35,72,0.444,0.547,0.343,0.809,0.572,0.53,G,SO
516,Lajae Jones,419,2025-26,Florida State,33,31,973,137,321,82,152,55,169,90,118,46,143,189,37,41,33,34,87,0.427,0.539,0.325,0.763,0.556,0.512,G,SO
1466,Kobe MaGee,262,2025-26,Florida State,33,11,652,82,218,27,48,55,170,43,58,26,67,93,27,28,1,24,36,0.376,0.563,0.324,0.741,0.533,0.502,G,SR
827,Darius Adams,355,2025-26,Maryland,33,28,846,111,314,78,181,33,133,100,140,28,85,113,54,17,5,65,65,0.354,0.431,0.248,0.714,0.466,0.406,G,FR
385,Massamba Diop,449,2025-26,Arizona State,33,33,978,169,297,161,271,8,26,103,144,63,130,193,35,21,69,62,67,0.569,0.594,0.308,0.715,0.614,0.582,C,FR
1081,Urban Klavzar,319,2025-26,Florida,33,0,689,99,226,31,57,68,169,53,58,10,40,50,40,12,2,29,51,0.438,0.544,0.402,0.914,0.629,0.588,G,SO
154,Tre Donaldson,544,2025-26,Miami (FL),33,31,1120,198,432,145,278,53,154,95,123,21,94,115,192,44,7,71,53,0.458,0.522,0.344,0.772,0.555,0.52,G,SR
1445,Martin Somerville,265,2025-26,Florida State,33,10,858,76,226,16,48,60,178,53,67,25,73,98,78,49,1,34,86,0.336,0.333,0.337,0.791,0.514,0.469,G,SO
1297,Mario Saint-Supery,285,2025-26,Gonzaga,33,15,742,89,210,43,104,46,106,61,70,14,78,92,120,45,4,48,58,0.424,0.413,0.434,0.871,0.586,0.533,G,FR
359,Tre White,457,2025-26,Kansas,33,33,1037,142,311,86,178,56,133,117,135,64,157,221,58,20,13,60,65,0.457,0.483,0.421,0.867,0.609,0.547,G,SR
1571,All Wright,247,2025-26,Xavier,33,28,733,86,186,48,96,38,90,37,44,9,43,52,65,17,1,20,66,0.462,0.5,0.422,0.841,0.597,0.565,G,SO
430,Anthony Johnson,437,2025-26,Arizona State,33,5,822,137,302,111,223,26,79,137,180,21,86,107,57,44,11,71,72,0.454,0.498,0.329,0.761,0.564,0.497,G,SR
907,Tavion Banks,345,2025-26,Iowa,33,31,768,117,218,100,182,17,36,94,116,48,107,155,39,33,8,47,93,0.537,0.549,0.472,0.81,0.632,0.576,G,SR
415,Kevin Overton,442,2025-26,Auburn,33,31,1025,139,324,66,135,73,189,91,104,26,84,110,38,38,5,32,82,0.429,0.489,0.386,0.875,0.592,0.542,G,JR
395,David Coit,446,2025-26,Maryland,33,16,883,149,362,78,143,71,219,77,90,7,54,61,91,20,1,60,44,0.412,0.545,0.324,0.856,0.551,0.51,G,SR
1314,Damarco Minor,282,2025-26,Pittsburgh,33,32,1058,87,237,32,63,55,174,53,60,18,106,124,113,41,10,49,75,0.367,0.508,0.316,0.883,0.531,0.483,G,SR
564,Jovan Milicevic,408,2025-26,Xavier,33,31,863,141,318,74,162,67,156,59,81,44,86,130,47,22,20,42,107,0.443,0.457,0.429,0.728,0.572,0.549,F,SO
461,Josiah Lake II,431,2025-26,Oregon State,33,33,1127,127,275,90,178,37,97,140,170,11,124,135,138,46,13,77,62,0.462,0.506,0.381,0.824,0.606,0.529,G,JR
486,Melvin Council Jr.,426,2025-26,Kansas,33,33,1148,165,417,129,302,36,115,60,78,24,136,160,169,35,9,60,49,0.396,0.427,0.313,0.769,0.469,0.439,G,SR
1235,Matt Able,296,2025-26,NC State,33,0,715,103,247,54,109,49,138,41,50,25,89,114,32,40,10,32,65,0.417,0.495,0.355,0.82,0.547,0.516,G,FR
12,Juke Harris,704,2025-26,Wake Forest,33,33,1153,220,495,138,248,82,247,182,233,40,175,215,59,42,7,55,68,0.444,0.556,0.332,0.781,0.581,0.527,F,SO
1681,Cam Manyawu,233,2025-26,Iowa,33,33,625,96,150,96,150,0,0,41,68,58,91,149,33,29,18,25,78,0.64,0.64,,0.603,0.639,0.64,F,JR
1693,Mike Williams III,232,2025-26,Seton Hall,33,31,688,79,213,46,115,33,98,41,54,11,75,86,50,34,3,34,49,0.371,0.4,0.337,0.759,0.486,0.448,G,JR
1039,Ryan Mela,326,2025-26,Providence,33,22,852,121,241,103,185,18,56,66,82,36,139,175,66,26,3,52,55,0.502,0.557,0.321,0.805,0.582,0.539,F,SO
1525,Cooper Koch,253,2025-26,Iowa,33,33,910,87,199,31,57,56,142,23,29,27,72,99,37,19,4,16,63,0.437,0.544,0.394,0.793,0.595,0.578,F,SO
731,Corey Washington,373,2025-26,SMU,33,33,908,121,250,76,137,45,113,86,112,63,99,162,27,31,16,34,100,0.484,0.555,0.398,0.768,0.615,0.574,F,SR
84,Jaron Pierre Jr.,581,2025-26,SMU,33,31,1090,214,465,135,256,79,209,74,98,25,138,163,67,30,15,62,61,0.46,0.527,0.378,0.755,0.568,0.545,G,SR
1403,Bryson Tiller,271,2025-26,Kansas,33,29,855,100,218,86,167,14,51,57,83,51,148,199,34,11,44,60,65,0.459,0.515,0.275,0.687,0.526,0.491,F,FR
386,Cameron Corhen,448,2025-26,Pittsburgh,33,33,1117,172,323,158,285,14,38,90,130,80,145,225,64,32,17,74,101,0.533,0.554,0.368,0.692,0.582,0.554,F,SR
999,Isaiah Sy,331,2025-26,Oregon State,33,29,925,93,273,29,92,64,181,81,93,28,124,152,55,20,13,43,75,0.341,0.315,0.354,0.871,0.522,0.458,F,JR
900,Micah Robinson,346,2025-26,TCU,33,11,868,102,264,64,144,38,120,104,137,47,108,155,57,38,12,46,76,0.386,0.444,0.317,0.759,0.526,0.458,F,SO
915,Miles Byrd,344,2025-26,San Diego State,33,33,925,115,284,71,141,44,143,70,88,17,138,155,86,63,41,64,64,0.405,0.504,0.308,0.795,0.528,0.482,G,JR
671,Myles Colvin,384,2025-26,Wake Forest,33,24,897,118,291,62,136,56,155,92,106,43,106,149,43,41,11,57,73,0.405,0.456,0.361,0.868,0.562,0.502,G,JR
45,Malik Reneau,622,2025-26,Miami (FL),33,33,942,223,406,199,338,24,68,152,193,78,139,217,66,32,25,91,82,0.549,0.589,0.353,0.788,0.625,0.579,F,SR
800,Malik Moore,360,2025-26,Xavier,33,33,1096,117,304,67,147,50,157,76,95,19,79,98,124,35,4,48,71,0.385,0.456,0.318,0.8,0.516,0.467,G,JR
3,Nick Martinelli,759,2025-26,Northwestern,33,33,1175,268,526,223,418,45,108,178,220,74,130,204,66,26,12,47,77,0.51,0.533,0.417,0.809,0.602,0.552,F,SR
402,Lazar Djokovic,446,2025-26,VCU,33,32,901,132,257,111,198,21,59,161,206,62,115,177,34,18,40,50,67,0.514,0.561,0.356,0.782,0.628,0.554,F,JR
42,John Blackwell,628,2025-26,Wisconsin,33,33,1111,190,445,97,203,93,242,155,180,41,121,162,77,38,3,52,83,0.427,0.478,0.384,0.861,0.592,0.531,G,JR
162,Moe Odum,541,2025-26,Arizona State,33,33,1111,168,414,79,178,89,236,116,140,14,87,101,187,46,3,104,80,0.406,0.444,0.377,0.829,0.563,0.513,G,SR
57,Jaylin Sellers,605,2025-26,Providence,33,33,989,199,421,120,237,79,184,128,149,31,106,137,54,30,8,58,84,0.473,0.506,0.429,0.859,0.615,0.567,G,SR
1593,Jaylen Carey,245,2025-26,Tennessee,33,8,625,98,207,98,202,0,5,49,101,96,109,205,43,10,2,32,49,0.473,0.485,0.0,0.485,0.48,0.473,F,JR
1355,Darren Buchanan Jr.,277,2025-26,Rutgers,33,15,802,103,220,91,186,12,34,59,100,33,94,127,57,21,6,45,55,0.468,0.489,0.353,0.59,0.518,0.495,F,JR
885,Jayden Pierre,347,2025-26,TCU,33,33,996,126,292,75,151,51,141,44,53,12,62,74,90,33,9,44,90,0.432,0.497,0.362,0.83,0.547,0.519,G,SR
687,Day Day Thomas,381,2025-26,Cincinnati,33,33,1004,120,322,48,133,72,189,69,78,20,83,103,114,32,17,57,80,0.373,0.361,0.381,0.885,0.531,0.484,G,SR
4,Darius Acuff Jr.,757,2025-26,Arkansas,33,33,1157,260,535,175,344,85,191,152,189,15,89,104,216,27,11,71,52,0.486,0.509,0.445,0.804,0.606,0.565,G,FR
70,Ja'Kobi Gillespie,594,2025-26,Tennessee,33,33,1138,200,492,112,227,88,265,106,132,18,75,93,180,68,7,74,75,0.407,0.493,0.332,0.803,0.535,0.496,G,SR
1267,Caleb Williams,290,2025-26,Georgetown,33,33,990,102,228,59,114,43,114,43,57,52,117,169,49,18,7,28,75,0.447,0.518,0.377,0.754,0.568,0.542,F,SO
856,Isaac McKneely,351,2025-26,Louisville,33,33,949,111,273,25,47,86,226,43,50,18,80,98,46,17,2,27,44,0.407,0.532,0.381,0.86,0.591,0.564,G,SR
1642,Jamichael Davis,239,2025-26,Rutgers,33,22,867,79,205,50,125,29,80,52,66,25,71,96,83,30,8,27,51,0.385,0.4,0.363,0.788,0.506,0.456,G,JR
381,Trey Kaufman-Renn,450,2025-26,Purdue,33,33,922,194,335,192,322,2,13,60,96,97,183,280,86,13,7,48,75,0.579,0.596,0.154,0.625,0.591,0.582,F,SR
702,Xaivian Lee,379,2025-26,Florida,33,33,906,132,319,81,138,51,181,64,83,13,112,125,139,40,4,59,60,0.414,0.587,0.282,0.771,0.529,0.494,G,SR
357,Ven-Allen Lubin,458,2025-26,NC State,33,33,933,175,259,172,248,3,11,105,142,96,140,236,28,16,30,28,77,0.676,0.694,0.273,0.739,0.701,0.681,F,SR
530,Xavier Edmonds,417,2025-26,TCU,33,32,754,147,257,126,206,21,51,102,157,97,122,219,38,33,31,64,104,0.572,0.612,0.412,0.65,0.629,0.613,F,JR
197,Zoom Diallo,519,2025-26,Washington,33,29,978,196,401,173,328,23,73,104,126,30,100,130,147,22,0,84,88,0.489,0.527,0.315,0.825,0.563,0.517,G,SO
409,Donovan Dent,444,2025-26,UCLA,33,32,1128,168,400,151,335,17,65,91,143,15,80,95,250,52,11,62,58,0.42,0.451,0.262,0.636,0.474,0.441,G,SR
1198,Elyjah Freeman,300,2025-26,Auburn,33,16,846,102,231,73,145,29,86,67,95,57,104,161,37,41,19,37,57,0.442,0.503,0.337,0.705,0.543,0.504,G,SO
1053,Dylan Grant,322,2025-26,Rutgers,33,29,790,110,249,88,178,22,71,80,110,56,87,143,18,18,15,38,61,0.442,0.494,0.31,0.727,0.534,0.486,F,SO
398,Flory Bidunga,446,2025-26,Kansas,33,32,1043,189,293,189,291,0,2,68,103,102,200,302,51,24,87,51,75,0.645,0.649,0.0,0.66,0.652,0.645,F,SO
812,Filip Borovicanin,358,2025-26,Xavier,33,32,1027,133,307,96,201,37,106,55,63,57,188,245,139,39,17,59,77,0.433,0.478,0.349,0.873,0.531,0.493,F,SR
1780,Elijah Fisher,219,2025-26,Seton Hall,33,33,683,81,178,72,140,9,38,48,69,33,62,95,25,30,18,25,75,0.455,0.514,0.237,0.696,0.52,0.48,G,SR
1216,Elijah Saunders,298,2025-26,Maryland,33,32,1009,104,236,46,95,58,141,32,40,52,92,144,31,14,9,35,85,0.441,0.484,0.411,0.8,0.584,0.564,F,SR
1578,Pharaoh Compton,247,2025-26,San Diego State,33,1,455,101,140,101,138,0,2,45,72,40,52,92,11,16,30,24,80,0.721,0.732,0.0,0.625,0.709,0.721,F,SO
355,Quadir Copeland,458,2025-26,NC State,33,33,946,148,298,125,240,23,58,139,179,20,95,115,219,57,5,93,100,0.497,0.521,0.397,0.777,0.598,0.535,G,SR
1189,Quimari Peterson,302,2025-26,Washington,33,18,1019,103,265,32,62,71,203,25,32,21,72,93,73,44,6,29,66,0.389,0.516,0.35,0.781,0.539,0.523,G,SR
1712,Oswin Erhunmwunse,229,2025-26,Providence,33,31,826,99,147,99,147,0,0,31,59,99,176,275,26,10,70,46,109,0.673,0.673,,0.525,0.654,0.673,F,SO
726,Eric Dailey Jr.,374,2025-26,UCLA,33,33,909,142,290,114,200,28,90,62,88,49,143,192,44,29,7,45,69,0.49,0.57,0.311,0.705,0.564,0.538,F,JR
1201,Nojus Indrusaitis,300,2025-26,Pittsburgh,33,6,777,106,263,51,121,55,142,33,52,21,80,101,55,30,3,39,54,0.403,0.421,0.387,0.635,0.521,0.508,G,SO
352,Paul McNeil Jr.,459,2025-26,NC State,33,31,940,134,308,32,70,102,238,89,108,27,93,120,28,21,13,14,55,0.435,0.457,0.429,0.824,0.639,0.601,G,SO
1274,Nyk Lewis,288,2025-26,VCU,33,33,796,84,210,38,85,46,125,74,100,50,99,149,55,37,1,33,57,0.4,0.447,0.368,0.74,0.559,0.51,G,FR
379,Shelton Henderson,451,2025-26,Miami (FL),33,33,1016,174,309,161,261,13,48,90,153,60,99,159,66,37,12,59,70,0.563,0.617,0.271,0.588,0.591,0.584,F,FR
1755,Sebastian Williams-Adams,223,2025-26,Auburn,33,21,913,78,156,70,124,8,32,59,119,48,70,118,49,38,28,37,83,0.5,0.565,0.25,0.496,0.525,0.526,F,FR
1077,TJ Simpkins,319,2025-26,Seton Hall,33,2,829,98,243,61,143,37,100,86,111,17,74,91,40,36,15,36,42,0.403,0.427,0.37,0.775,0.539,0.479,G,JR
403,Solomon Ball,446,2025-26,Connecticut,33,33,961,144,359,76,137,68,222,90,106,27,82,109,52,14,8,40,59,0.401,0.555,0.306,0.849,0.545,0.496,G,JR
640,A.J. Staton-McCray,391,2025-26,Seton Hall,33,33,908,137,344,83,182,54,162,63,72,21,85,106,45,50,19,44,74,0.398,0.456,0.333,0.875,0.517,0.477,G,SR
833,Tre'Von Spillers,355,2025-26,Wake Forest,33,32,955,144,264,132,233,12,31,55,72,49,137,186,59,33,48,38,99,0.545,0.567,0.387,0.764,0.595,0.568,F,SR
512,Trent Perry,420,2025-26,UCLA,33,22,978,124,278,77,164,47,114,125,143,26,71,97,96,31,4,44,56,0.446,0.47,0.412,0.874,0.607,0.531,G,SO
441,Trevon Brazile,435,2025-26,Arkansas,33,32,1040,155,290,114,176,41,114,84,116,52,192,244,50,51,53,35,64,0.534,0.648,0.36,0.724,0.63,0.605,F,SR
520,Adam Clark,418,2025-26,Seton Hall,33,33,1011,156,357,147,316,9,41,97,130,18,80,98,163,65,2,87,97,0.437,0.465,0.22,0.746,0.499,0.45,G,JR
1538,Adam Miller,250,2025-26,Gonzaga,33,23,656,92,215,53,88,39,127,27,36,8,45,53,36,24,1,17,34,0.428,0.602,0.307,0.75,0.539,0.519,G,SR
1789,Harun Zrno,217,2025-26,Rutgers,33,15,637,68,190,16,37,52,153,29,37,11,42,53,20,17,1,34,23,0.358,0.432,0.34,0.784,0.523,0.495,G,FR
1094,Ian Jackson,316,2025-26,St. John's (NY),33,19,613,105,254,60,127,45,127,61,68,9,67,76,41,27,7,50,50,0.413,0.472,0.354,0.897,0.552,0.502,G,SO
1555,Omari Witherspoon,249,2025-26,Pittsburgh,33,25,919,92,242,67,155,25,87,40,62,20,79,99,82,27,20,78,63,0.38,0.432,0.287,0.645,0.459,0.432,G,FR
168,Robert McCray V,539,2025-26,Florida State,33,33,953,194,424,145,286,49,138,102,143,29,98,127,200,42,17,119,90,0.458,0.507,0.355,0.713,0.548,0.515,G,SR
1181,Sananda Fru,303,2025-26,Louisville,33,29,727,123,162,119,154,4,8,53,84,92,106,198,42,16,47,47,75,0.759,0.773,0.5,0.631,0.75,0.772,F,JR
832,Samet Yigitoglu,355,2025-26,SMU,33,33,954,151,242,151,241,0,1,53,107,119,142,261,53,17,43,59,106,0.624,0.627,0.0,0.495,0.606,0.624,C,SO
374,Jaden Bradley,452,2025-26,Arizona,34,34,1035,149,323,126,266,23,57,131,163,18,103,121,154,52,3,59,66,0.461,0.474,0.404,0.804,0.564,0.497,G,SR
1384,Killyan Toure,274,2025-26,Iowa State,34,34,841,103,230,80,154,23,76,45,64,38,71,109,74,49,7,54,82,0.448,0.519,0.303,0.703,0.526,0.498,G,FR
92,Joshua Jefferson,573,2025-26,Iowa State,34,34,1080,193,411,155,301,38,110,149,213,66,193,259,167,57,29,89,82,0.47,0.515,0.345,0.7,0.559,0.516,F,SR
127,Kingston Flemings,556,2025-26,Houston,34,34,1078,206,434,166,332,40,102,104,124,17,116,133,180,53,11,63,66,0.475,0.5,0.392,0.839,0.564,0.521,G,FR
192,Meleek Thomas,522,2025-26,Arkansas,34,18,1021,181,424,104,241,77,183,83,98,30,99,129,84,49,6,34,72,0.427,0.432,0.421,0.847,0.555,0.518,G,FR
487,Tae Davis,426,2025-26,Oklahoma,34,34,991,161,321,151,272,10,49,94,138,71,123,194,76,21,6,59,95,0.502,0.555,0.204,0.681,0.551,0.517,F,SR
1498,Tre Singleton,257,2025-26,Northwestern,34,31,850,93,195,84,141,9,54,62,84,46,118,164,50,21,19,34,102,0.477,0.596,0.167,0.738,0.547,0.5,F,FR
1319,Joson Sanon,282,2025-26,St. John's (NY),34,14,725,87,250,42,119,45,131,63,82,17,71,88,22,19,6,37,75,0.348,0.353,0.344,0.768,0.488,0.438,G,SO
157,Brayden Burries,542,2025-26,Arizona,34,34,1003,184,374,129,224,55,150,119,148,19,141,160,86,54,6,45,71,0.492,0.576,0.367,0.804,0.61,0.566,G,FR
353,Bryce Hopkins,458,2025-26,St. John's (NY),34,34,968,155,338,132,261,23,77,125,173,68,142,210,68,37,10,42,56,0.459,0.506,0.299,0.723,0.545,0.493,F,SR
356,Tyler Nickel,458,2025-26,Vanderbilt,34,34,1034,155,344,53,89,102,255,46,53,21,88,109,40,27,19,24,46,0.451,0.596,0.4,0.868,0.62,0.599,F,SR
1582,Barry Evans,246,2025-26,VCU,34,34,899,101,227,76,151,25,76,19,35,61,110,171,73,31,17,38,54,0.445,0.503,0.329,0.543,0.505,0.5,F,SR
33,Tyler Tanner,649,2025-26,Vanderbilt,34,34,1130,212,433,158,288,54,145,171,199,15,107,122,175,81,12,65,70,0.49,0.549,0.372,0.859,0.615,0.552,G,SO
1726,Ugonna Onyenso,228,2025-26,Virginia,34,0,630,93,165,83,130,10,35,32,44,56,115,171,19,22,101,16,44,0.564,0.638,0.286,0.727,0.613,0.594,F,SR
721,Billy Richmond III,375,2025-26,Arkansas,34,16,922,153,275,140,222,13,53,56,70,46,91,137,68,36,29,40,79,0.556,0.631,0.245,0.8,0.608,0.58,F,SO
1278,Blake Buchanan,287,2025-26,Iowa State,34,33,819,127,197,127,196,0,1,33,69,97,96,193,50,23,32,36,81,0.645,0.648,0.0,0.478,0.625,0.645,F,JR
1062,Tobe Awaka,321,2025-26,Arizona,34,3,728,115,193,110,183,5,10,86,131,125,198,323,28,13,24,36,95,0.596,0.601,0.5,0.656,0.629,0.609,F,JR
183,Thijs De Ridder,528,2025-26,Virginia,34,34,938,188,370,153,267,35,103,117,164,82,129,211,53,29,17,61,81,0.508,0.573,0.34,0.713,0.589,0.555,F,FR
273,Terrence Hill Jr.,488,2025-26,VCU,34,2,824,152,330,81,130,71,200,113,133,9,75,84,96,20,2,34,53,0.461,0.623,0.355,0.85,0.621,0.568,G,SO
1165,Anthony Dell'Orso,305,2025-26,Arizona,34,0,740,106,257,61,120,45,137,48,59,5,67,72,67,30,6,41,41,0.412,0.508,0.328,0.814,0.535,0.5,G,SR
48,Robert Wright III,618,2025-26,Brigham Young,34,34,1182,221,471,164,336,57,135,119,144,31,88,119,159,41,1,76,55,0.469,0.488,0.422,0.826,0.573,0.53,G,SO
1237,Brandon Jennings,295,2025-26,VCU,34,33,836,89,202,66,149,23,53,94,110,30,88,118,74,57,28,46,101,0.441,0.443,0.434,0.855,0.58,0.498,G,SO
620,Aday Mara,396,2025-26,Michigan,34,33,785,163,242,161,234,2,8,68,126,67,169,236,78,11,89,67,79,0.674,0.688,0.25,0.54,0.656,0.678,C,JR
1393,Malachi Moreno,273,2025-26,Kentucky,34,28,776,95,163,95,160,0,3,83,118,83,133,216,60,19,53,42,72,0.583,0.594,0.0,0.703,0.623,0.583,C,FR
933,Jayden Reid,342,2025-26,Northwestern,34,28,876,114,292,82,191,32,101,82,100,10,38,48,171,34,5,63,69,0.39,0.429,0.317,0.82,0.504,0.445,G,JR
1331,Dillon Mitchell,280,2025-26,St. John's (NY),34,22,941,119,217,119,205,0,12,42,83,84,153,237,107,43,24,32,60,0.548,0.58,0.0,0.506,0.546,0.548,F,SR
1499,Dillon Hunter,256,2025-26,Clemson,34,34,969,85,208,54,116,31,92,55,70,16,112,128,103,32,4,38,64,0.409,0.466,0.337,0.786,0.531,0.483,G,SR
709,Milos Uzan,378,2025-26,Houston,34,34,1117,135,348,70,160,65,188,43,57,12,78,90,136,34,5,47,48,0.388,0.438,0.346,0.754,0.504,0.481,G,SR
1047,Chance Mallory,323,2025-26,Virginia,34,0,823,93,221,55,112,38,109,99,126,32,94,126,121,55,5,38,76,0.421,0.491,0.349,0.786,0.575,0.507,G,FR
1626,Cayden Boozer,241,2025-26,Duke,34,7,740,86,176,69,117,17,59,52,65,15,58,73,94,27,3,44,51,0.489,0.59,0.288,0.8,0.582,0.537,G,FR
1051,Chris Cenac Jr.,322,2025-26,Houston,34,33,842,133,270,104,186,29,84,27,48,76,178,254,26,26,16,32,80,0.493,0.559,0.345,0.563,0.55,0.546,C,FR
768,Sam Lewis,366,2025-26,Virginia,34,33,864,129,279,70,134,59,145,49,66,27,97,124,49,26,8,44,65,0.462,0.522,0.407,0.742,0.59,0.568,G,JR
573,RJ Godfrey,406,2025-26,Clemson,34,31,853,156,255,154,246,2,9,92,139,59,121,180,54,22,21,47,89,0.612,0.626,0.222,0.662,0.632,0.616,F,SR
222,Isaiah Evans,506,2025-26,Duke,34,34,947,162,381,70,129,92,252,90,103,10,95,105,46,27,23,39,40,0.425,0.543,0.365,0.874,0.588,0.546,G,SO
1282,Joseph Tugler,287,2025-26,Houston,34,33,794,119,202,118,201,1,1,48,69,104,78,182,42,46,50,44,105,0.589,0.587,1.0,0.696,0.611,0.592,F,JR
1023,Jestin Porter,328,2025-26,Clemson,34,30,920,109,294,47,113,62,181,48,63,19,43,62,45,42,8,26,40,0.371,0.416,0.343,0.762,0.506,0.476,G,SR
1686,Jamarion Batemon,233,2025-26,Iowa State,34,0,519,78,190,27,59,51,131,26,33,4,38,42,14,20,2,16,46,0.411,0.458,0.389,0.788,0.566,0.545,G,FR
1137,Jalen Washington,310,2025-26,Vanderbilt,34,9,713,107,193,97,159,10,34,86,116,69,126,195,31,21,45,30,90,0.554,0.61,0.294,0.741,0.625,0.58,F,SR
960,Jadrian Tracey,337,2025-26,VCU,34,34,752,115,270,54,108,61,162,46,66,23,74,97,61,25,13,59,75,0.426,0.5,0.377,0.697,0.559,0.539,F,SR
954,Collin Chandler,338,2025-26,Kentucky,34,29,904,109,245,39,81,70,164,50,60,13,83,96,76,41,8,37,74,0.445,0.481,0.427,0.833,0.618,0.588,G,SO
1038,Malique Ewin,326,2025-26,Arkansas,34,1,680,117,198,114,194,3,4,89,124,92,90,182,26,21,33,39,81,0.591,0.588,0.75,0.718,0.634,0.598,F,JR
504,Malik Thomas,423,2025-26,Virginia,34,34,778,139,337,78,159,61,178,84,112,24,109,133,54,17,4,51,81,0.412,0.491,0.343,0.75,0.542,0.503,G,SR
912,Ivan Kharchenkov,344,2025-26,Arizona,34,34,942,129,262,99,170,30,92,56,76,35,103,138,79,49,11,45,54,0.492,0.582,0.326,0.737,0.577,0.55,F,FR
1585,Johann GrÃ¼nloh,246,2025-26,Virginia,34,34,717,94,176,73,116,21,60,37,68,82,94,176,23,16,75,25,78,0.534,0.629,0.35,0.544,0.59,0.594,C,FR
590,Derrion Reid,402,2025-26,Oklahoma,34,34,935,128,254,96,164,32,90,114,151,55,103,158,38,16,9,37,43,0.504,0.585,0.356,0.755,0.617,0.567,F,SO
383,Denzel Aberdeen,449,2025-26,Kentucky,34,33,1026,150,349,96,195,54,154,95,119,23,64,87,121,24,3,42,63,0.43,0.492,0.351,0.798,0.554,0.507,G,SR
1032,Devin McGlockton,326,2025-26,Vanderbilt,34,34,851,129,237,102,146,27,91,41,52,86,142,228,44,13,22,33,110,0.544,0.699,0.297,0.788,0.623,0.601,F,SR
1617,Mohamed Wague,243,2025-26,Oklahoma,34,34,745,82,134,81,129,1,5,78,120,111,118,229,43,22,50,40,100,0.612,0.628,0.2,0.65,0.636,0.616,F,SR
85,Milan Momcilovic,581,2025-26,Iowa State,34,34,1024,194,379,67,123,127,256,66,75,7,99,106,32,27,7,28,55,0.512,0.545,0.496,0.88,0.701,0.679,F,JR
1521,Michael Belle,254,2025-26,VCU,34,0,757,102,186,83,148,19,38,31,61,50,122,172,35,23,25,31,73,0.548,0.561,0.5,0.508,0.591,0.599,F,JR
394,Morez Johnson Jr.,447,2025-26,Michigan,34,34,852,169,269,158,240,11,29,98,124,85,160,245,39,25,38,43,78,0.628,0.658,0.379,0.79,0.682,0.649,F,SO
823,Motiejus Krivas,356,2025-26,Arizona,34,34,849,121,208,117,196,4,12,110,140,101,173,274,33,24,62,48,90,0.582,0.597,0.333,0.786,0.648,0.591,C,JR
1129,Nick Davidson,311,2025-26,Clemson,34,11,739,112,216,83,134,29,82,58,87,42,97,139,37,16,13,36,68,0.519,0.619,0.354,0.667,0.604,0.586,F,SR
14,Nick Boyd,699,2025-26,Wisconsin,34,34,1082,242,505,182,340,60,165,155,188,27,101,128,143,36,1,58,67,0.479,0.535,0.364,0.824,0.588,0.539,G,SR
341,Malik Mack,463,2025-26,Georgetown,34,34,1098,154,404,98,216,56,188,99,121,14,88,102,141,29,5,68,56,0.381,0.454,0.298,0.818,0.502,0.45,G,JR
2,Cameron Boozer,765,2025-26,Duke,34,34,1122,262,464,210,337,52,127,189,244,114,233,347,143,50,18,79,57,0.565,0.623,0.409,0.775,0.66,0.621,F,FR
1276,Ace Buckner,287,2025-26,Clemson,34,3,663,97,223,68,133,29,90,64,78,21,75,96,62,29,3,36,63,0.435,0.511,0.322,0.821,0.552,0.5,G,SO
196,Xzayvier Brown,519,2025-26,Oklahoma,34,34,1083,184,399,125,235,59,164,92,104,13,95,108,109,44,6,54,67,0.461,0.532,0.36,0.885,0.579,0.535,G,JR
1042,Trey McKenney,325,2025-26,Michigan,34,0,731,103,231,47,82,56,149,63,69,15,74,89,31,14,1,29,46,0.446,0.573,0.376,0.913,0.616,0.567,G,FR
1666,Xavier Booker,236,2025-26,UCLA,34,25,666,94,171,69,111,25,60,23,33,39,74,113,26,7,38,23,64,0.55,0.622,0.417,0.697,0.632,0.623,F,JR
130,Zuby Ejiofor,555,2025-26,St. John's (NY),34,34,1008,184,332,169,285,15,47,172,241,111,132,243,119,40,73,74,83,0.554,0.593,0.319,0.714,0.622,0.577,F,SR
784,Oziyah Sellers,363,2025-26,St. John's (NY),34,33,984,130,296,82,159,48,137,55,64,17,80,97,59,20,9,23,68,0.439,0.516,0.35,0.859,0.556,0.52,G,SR
47,Otega Oweh,618,2025-26,Kentucky,34,34,1100,215,464,174,342,41,122,147,202,32,125,157,89,61,8,68,90,0.463,0.509,0.336,0.728,0.552,0.508,G,SR
1330,Nimari Burnett,281,2025-26,Michigan,34,34,662,98,215,46,77,52,138,33,41,18,64,82,39,18,2,21,51,0.456,0.597,0.377,0.805,0.599,0.577,G,SR
746,Silas Demary Jr.,370,2025-26,Connecticut,34,34,988,117,254,85,177,32,77,104,129,33,121,154,211,56,8,81,87,0.461,0.48,0.416,0.806,0.587,0.524,G,JR
463,Alex Karaban,430,2025-26,Connecticut,34,34,1147,156,329,95,171,61,158,57,68,59,119,178,78,28,27,36,70,0.474,0.556,0.386,0.838,0.595,0.567,F,SR
193,Emanuel Sharp,521,2025-26,Houston,34,34,1002,158,392,69,152,89,240,116,130,29,71,100,61,42,3,33,101,0.403,0.454,0.371,0.892,0.574,0.517,G,SR
893,Elliot Cadeau,346,2025-26,Michigan,34,34,897,112,267,59,125,53,142,69,97,9,78,87,189,24,5,82,72,0.419,0.472,0.373,0.711,0.553,0.519,G,JR
115,Nijel Pack,562,2025-26,Oklahoma,34,34,1017,200,422,87,172,113,250,49,57,17,87,104,103,23,9,64,71,0.474,0.506,0.452,0.86,0.626,0.608,G,SR
992,AK Okereke,331,2025-26,Vanderbilt,34,33,878,109,225,74,133,35,92,78,100,37,78,115,67,19,20,39,111,0.484,0.556,0.38,0.78,0.607,0.562,F,SR
1,AJ Dybantsa,859,2025-26,Brigham Young,34,34,1177,297,579,249,438,48,141,217,284,50,179,229,129,37,12,103,42,0.513,0.568,0.34,0.764,0.602,0.554,F,FR
1698,Eric Reibe,231,2025-26,Connecticut,34,5,510,101,153,97,140,4,13,25,46,45,83,128,17,10,28,20,75,0.66,0.693,0.308,0.543,0.661,0.673,C,FR
253,Yaxel Lendeborg,495,2025-26,Michigan,34,33,1027,164,322,111,172,53,150,114,139,67,170,237,110,41,45,39,56,0.509,0.645,0.353,0.82,0.638,0.592,F,SR
1262,C.J. Cox,291,2025-26,Purdue,35,35,853,104,235,49,84,55,151,28,33,24,66,90,45,19,4,10,46,0.443,0.583,0.364,0.848,0.58,0.56,G,SO
217,Malik Dia,508,2025-26,Ole Miss,35,31,851,188,416,166,336,22,80,110,161,65,135,200,29,21,29,54,88,0.452,0.494,0.275,0.683,0.516,0.478,F,SR
265,Braden Smith,490,2025-26,Purdue,35,35,1202,174,390,117,234,57,156,85,104,22,104,126,317,62,8,98,57,0.446,0.5,0.365,0.817,0.558,0.519,G,SR
1045,Patton Pinkins,324,2025-26,Ole Miss,35,20,872,107,230,64,128,43,102,67,78,23,43,66,31,17,3,10,48,0.465,0.5,0.422,0.859,0.607,0.559,G,FR
738,Oscar Cluff,372,2025-26,Purdue,35,35,843,150,215,150,215,0,0,72,104,116,142,258,58,14,28,25,95,0.698,0.698,,0.692,0.703,0.698,F,SR
282,Fletcher Loyer,484,2025-26,Purdue,35,35,1016,146,331,48,98,98,233,94,109,7,75,82,72,26,2,34,36,0.441,0.49,0.421,0.862,0.632,0.589,G,SR
629,Ilias Kamardine,394,2025-26,Ole Miss,35,35,1086,149,354,108,214,41,140,55,72,15,105,120,132,47,13,69,84,0.421,0.505,0.293,0.764,0.507,0.479,G,SR
155,AJ Storr,543,2025-26,Ole Miss,35,15,919,195,435,154,318,41,117,112,143,24,85,109,66,32,5,52,72,0.448,0.484,0.35,0.783,0.54,0.495,G,SR
